CandidateID,RoleID,SkillMatchPct,MissingSkillsCount,MissingSkillsList,ResumeStrengthScore,ExperienceGapScore,ProjectGapScore,OverallFitScore,AISuggestion
C001,R101,83.3,1,Power BI,86.7,100,75.0,84,"Priority Action: Acquire hands-on experience in Power BI. Build a portfolio project showcasing DAX measures, cloud deployment, and business insights."
C002,R104,100.0,0,None! Excellent coverage.,100.0,100,100,96,"Strong candidate fit! Recommended to highlight advanced leadership, architecture design, and end-to-end system deployment in interviews."
C003,R103,100.0,0,None! Excellent coverage.,90.0,66.7,100,87,"Strong candidate fit! Recommended to highlight advanced leadership, architecture design, and end-to-end system deployment in interviews."
C004,R103,50.0,3,"Python, dbt (Data Build Tool), AWS Cloud",75.0,100,100,71,"Priority Action: Acquire hands-on experience in Python. Build a portfolio project showcasing DAX measures, cloud deployment, and business insights."
C005,R102,100.0,0,None! Excellent coverage.,100.0,100,100,95,"Strong candidate fit! Recommended to highlight advanced leadership, architecture design, and end-to-end system deployment in interviews."
C006,R101,50.0,3,"SQL, Python, Data Storytelling",75.0,100,100,73,"Priority Action: Acquire hands-on experience in SQL. Build a portfolio project showcasing DAX measures, cloud deployment, and business insights."
C007,R102,83.3,1,Pandas & NumPy,64.2,25.0,75.0,67,"Priority Action: Acquire hands-on experience in Pandas & NumPy. Build a portfolio project showcasing DAX measures, cloud deployment, and business insights."
C008,R101,100.0,0,None! Excellent coverage.,80.0,50.0,75.0,76,"Strong candidate fit! Recommended to highlight advanced leadership, architecture design, and end-to-end system deployment in interviews."
C009,R101,100.0,0,None! Excellent coverage.,85.0,50.0,100,88,"Strong candidate fit! Recommended to highlight advanced leadership, architecture design, and end-to-end system deployment in interviews."
C010,R101,50.0,3,"SQL, Power BI, Data Storytelling",75.0,100,100,71,"Priority Action: Acquire hands-on experience in SQL. Build a portfolio project showcasing DAX measures, cloud deployment, and business insights."
C011,R105,50.0,3,"Azure Services, Snowflake, Docker & Kubernetes",70.0,100,75.0,66,"Priority Action: Acquire hands-on experience in Azure Services. Build a portfolio project showcasing DAX measures, cloud deployment, and business insights."
C012,R104,83.3,1,Scikit-Learn,91.7,100,100,87,"Priority Action: Acquire hands-on experience in Scikit-Learn. Build a portfolio project showcasing DAX measures, cloud deployment, and business insights."
C013,R103,100.0,0,None! Excellent coverage.,80.0,66.7,50.0,84,"Strong candidate fit! Recommended to highlight advanced leadership, architecture design, and end-to-end system deployment in interviews."
C014,R105,100.0,0,None! Excellent coverage.,75.0,16.7,100,74,"Strong candidate fit! Recommended to highlight advanced leadership, architecture design, and end-to-end system deployment in interviews."
C015,R101,100.0,0,None! Excellent coverage.,100.0,100,100,98,"Strong candidate fit! Recommended to highlight advanced leadership, architecture design, and end-to-end system deployment in interviews."
C016,R103,50.0,3,"SQL, Snowflake, AWS Cloud",45.0,33.3,50.0,46,"Priority Action: Acquire hands-on experience in SQL. Build a portfolio project showcasing DAX measures, cloud deployment, and business insights."
C017,R105,83.3,1,AWS Cloud,91.7,100,100,87,"Priority Action: Acquire hands-on experience in AWS Cloud. Build a portfolio project showcasing DAX measures, cloud deployment, and business insights."
C018,R102,100.0,0,None! Excellent coverage.,100.0,100,100,99,"Strong candidate fit! Recommended to highlight advanced leadership, architecture design, and end-to-end system deployment in interviews."
C019,R101,83.3,1,Excel & DAX,86.7,100,75.0,84,"Priority Action: Acquire hands-on experience in Excel & DAX. Build a portfolio project showcasing DAX measures, cloud deployment, and business insights."
C020,R103,83.3,1,Python,91.7,100,100,95,"Priority Action: Acquire hands-on experience in Python. Build a portfolio project showcasing DAX measures, cloud deployment, and business insights."
C021,R105,100.0,0,None! Excellent coverage.,75.0,16.7,100,77,"Strong candidate fit! Recommended to highlight advanced leadership, architecture design, and end-to-end system deployment in interviews."
C022,R101,100.0,0,None! Excellent coverage.,100.0,100,100,99,"Strong candidate fit! Recommended to highlight advanced leadership, architecture design, and end-to-end system deployment in interviews."
C023,R101,50.0,3,"SQL, Excel & DAX, Python",60.0,50.0,100,57,"Priority Action: Acquire hands-on experience in SQL. Build a portfolio project showcasing DAX measures, cloud deployment, and business insights."
C024,R102,83.3,1,PyTorch & TensorFlow,81.7,100,50.0,84,"Priority Action: Acquire hands-on experience in PyTorch & TensorFlow. Build a portfolio project showcasing DAX measures, cloud deployment, and business insights."
C025,R101,83.3,1,SQL,91.7,100,100,95,"Priority Action: Acquire hands-on experience in SQL. Build a portfolio project showcasing DAX measures, cloud deployment, and business insights."
C026,R102,100.0,0,None! Excellent coverage.,95.0,100,75.0,93,"Strong candidate fit! Recommended to highlight advanced leadership, architecture design, and end-to-end system deployment in interviews."
C027,R104,100.0,0,None! Excellent coverage.,100.0,100,100,98,"Strong candidate fit! Recommended to highlight advanced leadership, architecture design, and end-to-end system deployment in interviews."
C028,R103,100.0,0,None! Excellent coverage.,100.0,100,100,95,"Strong candidate fit! Recommended to highlight advanced leadership, architecture design, and end-to-end system deployment in interviews."
C029,R101,83.3,1,Business Acumen,91.7,100,100,92,"Priority Action: Acquire hands-on experience in Business Acumen. Build a portfolio project showcasing DAX measures, cloud deployment, and business insights."
C030,R102,100.0,0,None! Excellent coverage.,100.0,100,100,95,"Strong candidate fit! Recommended to highlight advanced leadership, architecture design, and end-to-end system deployment in interviews."
C031,R102,50.0,3,"Pandas & NumPy, Scikit-Learn, A/B Testing & Statistics",65.0,100,50.0,68,"Priority Action: Acquire hands-on experience in Pandas & NumPy. Build a portfolio project showcasing DAX measures, cloud deployment, and business insights."
C032,R105,100.0,0,None! Excellent coverage.,100.0,100,100,99,"Strong candidate fit! Recommended to highlight advanced leadership, architecture design, and end-to-end system deployment in interviews."
C033,R101,83.3,1,SQL,91.7,100,100,92,"Priority Action: Acquire hands-on experience in SQL. Build a portfolio project showcasing DAX measures, cloud deployment, and business insights."
C034,R104,50.0,3,"Scikit-Learn, PyTorch & TensorFlow, MLOps & MLflow",47.5,25.0,75.0,48,"Priority Action: Acquire hands-on experience in Scikit-Learn. Build a portfolio project showcasing DAX measures, cloud deployment, and business insights."
C035,R104,83.3,1,Git & CI/CD,76.7,50.0,100,74,"Priority Action: Acquire hands-on experience in Git & CI/CD. Build a portfolio project showcasing DAX measures, cloud deployment, and business insights."
