CandidateID,SkillID,ProficiencyLevel,YearsUsed
C001,S15,2,5
C001,S02,4,1
C001,S16,4,2
C001,S08,4,5
C001,S05,3,2
C001,S01,3,5
C002,S14,4,5
C002,S09,4,1
C002,S13,5,4
C002,S03,5,1
C002,S07,4,1
C002,S08,5,3
C002,S18,5,5
C002,S01,4,5
C003,S20,4,2
C003,S19,3,2
C003,S09,5,1
C003,S11,5,1
C003,S02,5,1
C003,S08,3,2
C003,S10,4,2
C003,S05,5,1
C003,S01,5,2
C004,S09,2,3
C004,S13,2,2
C004,S02,4,5
C004,S16,4,3
C004,S10,4,5
C005,S06,5,7
C005,S19,5,2
C005,S02,4,7
C005,S17,5,8
C005,S07,5,5
C005,S08,5,1
C005,S01,5,2
C006,S06,4,5
C006,S09,4,2
C006,S03,2,3
C006,S17,2,5
C006,S16,4,1
C006,S05,4,3
C007,S10,4,1
C007,S02,2,1
C007,S17,4,1
C007,S07,3,1
C007,S08,3,1
C007,S05,2,1
C007,S14,2,1
C007,S01,3,1
C008,S15,5,1
C008,S09,3,1
C008,S03,5,1
C008,S02,3,1
C008,S16,4,1
C008,S05,3,1
C008,S01,5,1
C009,S15,4,1
C009,S13,4,1
C009,S03,4,1
C009,S02,3,1
C009,S16,4,1
C009,S05,3,1
C009,S01,3,1
C010,S19,4,3
C010,S13,3,1
C010,S16,2,2
C010,S05,2,1
C010,S18,4,3
C010,S01,4,1
C011,S20,2,4
C011,S09,4,1
C011,S11,4,2
C011,S04,3,9
C011,S16,3,5
C011,S07,2,6
C012,S06,2,2
C012,S09,3,3
C012,S18,2,4
C012,S13,4,6
C012,S04,3,5
C012,S08,4,5
C012,S14,2,6
C012,S01,4,3
C013,S06,3,2
C013,S19,5,2
C013,S09,4,1
C013,S11,3,2
C013,S02,4,1
C013,S17,3,2
C013,S08,3,2
C013,S10,3,2
C013,S01,5,2
C014,S09,4,1
C014,S13,3,1
C014,S11,3,1
C014,S16,5,1
C014,S12,4,1
C014,S10,5,1
C014,S01,3,1
C015,S15,4,1
C015,S06,3,2
C015,S11,4,2
C015,S03,3,1
C015,S02,3,3
C015,S04,3,2
C015,S16,4,2
C015,S05,3,2
C015,S01,4,3
C016,S19,3,1
C016,S09,4,1
C016,S17,3,1
C016,S01,3,1
C016,S12,4,1
C016,S08,2,1
C017,S09,4,4
C017,S13,4,6
C017,S03,2,5
C017,S04,4,3
C017,S16,3,5
C017,S07,2,3
C017,S12,3,2
C017,S10,3,5
C018,S06,3,4
C018,S15,5,5
C018,S11,3,4
C018,S02,3,1
C018,S17,3,4
C018,S07,4,2
C018,S16,4,7
C018,S08,5,4
C018,S01,5,7
C019,S15,4,5
C019,S13,3,7
C019,S02,3,5
C019,S03,4,5
C019,S17,3,7
C019,S16,4,4
C019,S01,2,6
C020,S19,2,3
C020,S09,2,7
C020,S11,4,3
C020,S02,4,4
C020,S04,2,7
C020,S10,3,6
C020,S14,4,8
C021,S19,4,1
C021,S09,5,1
C021,S13,4,1
C021,S11,4,1
C021,S16,4,1
C021,S12,4,1
C021,S10,5,1
C021,S05,5,1
C022,S15,3,1
C022,S03,4,4
C022,S02,4,2
C022,S16,4,3
C022,S07,4,7
C022,S12,4,3
C022,S05,4,3
C022,S01,3,4
C023,S15,4,1
C023,S16,4,1
C023,S03,3,1
C023,S12,3,1
C024,S06,3,5
C024,S02,2,5
C024,S17,2,3
C024,S07,4,4
C024,S18,4,3
C024,S01,2,5
C025,S15,4,3
C025,S11,3,7
C025,S03,2,7
C025,S16,2,3
C025,S05,3,2
C025,S18,3,5
C025,S01,4,6
C026,S06,3,4
C026,S14,3,4
C026,S02,5,7
C026,S17,4,4
C026,S07,5,8
C026,S08,5,8
C026,S10,4,1
C026,S18,3,5
C026,S01,3,7
C027,S14,4,4
C027,S06,3,4
C027,S19,4,2
C027,S13,5,9
C027,S11,5,3
C027,S07,3,4
C027,S08,5,8
C027,S18,4,9
C027,S01,5,5
C028,S19,5,2
C028,S09,5,1
C028,S11,5,2
C028,S02,3,1
C028,S03,5,2
C028,S10,4,2
C028,S01,4,2
C029,S15,2,2
C029,S03,4,1
C029,S02,4,2
C029,S08,3,2
C029,S05,3,2
C029,S01,3,1
C030,S06,3,4
C030,S02,4,5
C030,S17,4,3
C030,S07,3,2
C030,S08,4,3
C030,S05,5,4
C030,S01,3,2
C031,S01,3,5
C031,S19,4,7
C031,S02,4,3
C031,S08,3,1
C032,S06,5,5
C032,S09,3,2
C032,S13,3,1
C032,S11,5,5
C032,S16,5,1
C032,S12,3,8
C032,S10,5,8
C032,S18,4,3
C033,S15,4,1
C033,S11,3,2
C033,S03,3,5
C033,S17,3,2
C033,S16,3,1
C033,S05,4,8
C033,S01,3,1
C034,S14,4,1
C034,S13,4,1
C034,S16,3,1
C034,S01,4,1
C035,S13,3,1
C035,S04,4,1
C035,S07,2,2
C035,S08,3,2
C035,S12,4,2
C035,S18,2,2
C035,S01,4,2
