CandidateID,CandidateName,TargetRoleID,YearsExperience,ProjectCount,EducationLevel,Location,CertificationCount
C001,Varun Gupta,R101,5,3,B.Tech Computer Science,"Hyderabad, India",1
C002,Gaurav Kumar,R104,6,4,B.S. Statistics,"Hyderabad, India",1
C003,Tanvi Nair,R103,2,8,B.E. Information Technology,"Bengaluru, India",1
C004,Neha Verma,R103,7,4,M.Tech AI,"Hyderabad, India",0
C005,Ishita Nair,R102,9,5,B.Tech Computer Science,"Bengaluru, India",0
C006,Rohan Mehta,R101,5,5,B.Tech Computer Science,"Mumbai, India",1
C007,Ishita Joshi,R102,1,3,B.Tech Computer Science,"Bengaluru, India",4
C008,Neha Sharma,R101,1,3,B.S. Statistics,"Bengaluru, India",0
C009,Swati Verma,R101,1,5,B.Tech Computer Science,"Pune, India",5
C010,Karan Chopra,R101,3,5,B.S. Statistics,"Mumbai, India",0
C011,Amit Iyer,R105,9,3,B.Tech Computer Science,"Gurugram, India",0
C012,Tanvi Joshi,R104,6,8,B.E. Information Technology,"Bengaluru, India",0
C013,Sanjay Singh,R103,2,2,M.S. Data Science,"Gurugram, India",5
C014,Sanjay Singh,R105,1,8,M.Tech AI,"Gurugram, India",2
C015,Sanjay Shah,R101,3,7,M.S. Data Science,"Mumbai, India",2
C016,Manish Kulkarni,R103,1,2,M.Tech AI,"Hyderabad, India",2
C017,Tanvi Mehta,R105,6,7,B.S. Statistics,Remote,0
C018,Arjun Bhasin,R102,9,5,B.Tech Computer Science,"Hyderabad, India",5
C019,Varun Sharma,R101,7,3,M.Tech AI,Remote,1
C020,Gaurav Nair,R103,9,5,B.S. Statistics,"Hyderabad, India",5
C021,Kavya Chopra,R105,1,8,B.E. Information Technology,"Mumbai, India",4
C022,Riya Kulkarni,R101,7,6,B.Tech Computer Science,Remote,4
C023,Ishita Nair,R101,1,8,M.S. Data Science,"Hyderabad, India",0
C024,Nikhil Gupta,R102,5,2,B.S. Statistics,"Bengaluru, India",4
C025,Kavya Iyer,R101,7,4,M.S. Data Science,"Mumbai, India",5
C026,Swati Mehta,R102,8,3,B.S. Statistics,"Pune, India",2
C027,Amit Reddy,R104,9,6,M.Tech AI,"Mumbai, India",2
C028,Meera Nair,R103,3,4,M.Tech AI,Remote,0
C029,Swati Iyer,R101,2,5,M.Tech AI,"Bengaluru, India",3
C030,Gaurav Rao,R102,5,7,M.S. Data Science,"Hyderabad, India",0
C031,Varun Malhotra,R102,7,2,M.S. Data Science,"Hyderabad, India",4
C032,Siddharth Deshmukh,R105,9,5,M.Tech AI,"Bengaluru, India",3
C033,Manish Iyer,R101,8,4,B.S. Statistics,"Pune, India",3
C034,Gaurav Iyer,R104,1,3,M.S. Data Science,"Gurugram, India",2
C035,Preeti Gupta,R104,2,7,B.S. Statistics,"Mumbai, India",1
