RoleID,SkillID,ImportanceLevel,RequiredProficiency
R101,S02,Essential,4
R101,S03,Essential,4
R101,S05,Essential,5
R101,S01,Preferred,3
R101,S15,Essential,4
R101,S16,Preferred,3
R102,S01,Essential,5
R102,S02,Essential,4
R102,S06,Essential,5
R102,S07,Essential,4
R102,S08,Preferred,3
R102,S17,Essential,4
R103,S01,Essential,4
R103,S02,Essential,5
R103,S09,Essential,4
R103,S10,Essential,4
R103,S19,Preferred,3
R103,S11,Preferred,3
R104,S01,Essential,5
R104,S07,Essential,5
R104,S08,Essential,4
R104,S13,Essential,4
R104,S18,Essential,4
R104,S14,Preferred,3
R105,S11,Essential,5
R105,S12,Essential,4
R105,S10,Essential,5
R105,S13,Essential,4
R105,S09,Preferred,4
R105,S16,Essential,4
