CandidateID,SummaryText,RawSkillsText,SentimentScore,KeywordDensityScore
C001,Results-driven professional with 5 years of hands-on experience specializing in Data Analyst. Proven track record across 3 end-to-end projects.,"Data Storytelling, SQL, Business Acumen, PyTorch & TensorFlow, Excel & DAX, Python",0.79,0.88
C002,Results-driven professional with 6 years of hands-on experience specializing in Machine Learning Engineer. Proven track record across 4 end-to-end projects.,"Git & CI/CD, Spark & PySpark, Docker & Kubernetes, Power BI, Scikit-Learn, PyTorch & TensorFlow, MLOps & MLflow, Python",0.77,0.67
C003,Results-driven professional with 2 years of hands-on experience specializing in Data Engineer. Proven track record across 8 end-to-end projects.,"R Programming, dbt (Data Build Tool), Spark & PySpark, AWS Cloud, SQL, PyTorch & TensorFlow, Snowflake, Excel & DAX, Python",0.92,0.86
C004,Results-driven professional with 7 years of hands-on experience specializing in Data Engineer. Proven track record across 4 end-to-end projects.,"Spark & PySpark, Docker & Kubernetes, SQL, Business Acumen, Snowflake",0.82,0.81
C005,Results-driven professional with 9 years of hands-on experience specializing in Data Scientist. Proven track record across 5 end-to-end projects.,"Pandas & NumPy, dbt (Data Build Tool), SQL, A/B Testing & Statistics, Scikit-Learn, PyTorch & TensorFlow, Python",0.88,0.79
C006,Results-driven professional with 5 years of hands-on experience specializing in Data Analyst. Proven track record across 5 end-to-end projects.,"Pandas & NumPy, Spark & PySpark, Power BI, A/B Testing & Statistics, Business Acumen, Excel & DAX",0.84,0.68
C007,Results-driven professional with 1 years of hands-on experience specializing in Data Scientist. Proven track record across 3 end-to-end projects.,"Snowflake, SQL, A/B Testing & Statistics, Scikit-Learn, PyTorch & TensorFlow, Excel & DAX, Git & CI/CD, Python",0.86,0.71
C008,Results-driven professional with 1 years of hands-on experience specializing in Data Analyst. Proven track record across 3 end-to-end projects.,"Data Storytelling, Spark & PySpark, Power BI, SQL, Business Acumen, Excel & DAX, Python",0.81,0.76
C009,Results-driven professional with 1 years of hands-on experience specializing in Data Analyst. Proven track record across 5 end-to-end projects.,"Data Storytelling, Docker & Kubernetes, Power BI, SQL, Business Acumen, Excel & DAX, Python",0.76,0.78
C010,Results-driven professional with 3 years of hands-on experience specializing in Data Analyst. Proven track record across 5 end-to-end projects.,"dbt (Data Build Tool), Docker & Kubernetes, Business Acumen, Excel & DAX, MLOps & MLflow, Python",0.9,0.67
C011,Results-driven professional with 9 years of hands-on experience specializing in Cloud Data Architect. Proven track record across 3 end-to-end projects.,"R Programming, Spark & PySpark, AWS Cloud, Tableau, Business Acumen, Scikit-Learn",0.78,0.76
C012,Results-driven professional with 6 years of hands-on experience specializing in Machine Learning Engineer. Proven track record across 8 end-to-end projects.,"Pandas & NumPy, Spark & PySpark, MLOps & MLflow, Docker & Kubernetes, Tableau, PyTorch & TensorFlow, Git & CI/CD, Python",0.94,0.68
C013,Results-driven professional with 2 years of hands-on experience specializing in Data Engineer. Proven track record across 2 end-to-end projects.,"Pandas & NumPy, dbt (Data Build Tool), Spark & PySpark, AWS Cloud, SQL, A/B Testing & Statistics, PyTorch & TensorFlow, Snowflake, Python",0.85,0.68
C014,Results-driven professional with 1 years of hands-on experience specializing in Cloud Data Architect. Proven track record across 8 end-to-end projects.,"Spark & PySpark, Docker & Kubernetes, AWS Cloud, Business Acumen, Azure Services, Snowflake, Python",0.95,0.87
C015,Results-driven professional with 3 years of hands-on experience specializing in Data Analyst. Proven track record across 7 end-to-end projects.,"Data Storytelling, Pandas & NumPy, AWS Cloud, Power BI, SQL, Tableau, Business Acumen, Excel & DAX, Python",0.84,0.83
C016,Results-driven professional with 1 years of hands-on experience specializing in Data Engineer. Proven track record across 2 end-to-end projects.,"dbt (Data Build Tool), Spark & PySpark, A/B Testing & Statistics, Python, Azure Services, PyTorch & TensorFlow",0.81,0.67
C017,Results-driven professional with 6 years of hands-on experience specializing in Cloud Data Architect. Proven track record across 7 end-to-end projects.,"Spark & PySpark, Docker & Kubernetes, Power BI, Tableau, Business Acumen, Scikit-Learn, Azure Services, Snowflake",0.87,0.74
C018,Results-driven professional with 9 years of hands-on experience specializing in Data Scientist. Proven track record across 5 end-to-end projects.,"Pandas & NumPy, Data Storytelling, AWS Cloud, SQL, A/B Testing & Statistics, Scikit-Learn, Business Acumen, PyTorch & TensorFlow, Python",0.84,0.72
C019,Results-driven professional with 7 years of hands-on experience specializing in Data Analyst. Proven track record across 3 end-to-end projects.,"Data Storytelling, Docker & Kubernetes, SQL, Power BI, A/B Testing & Statistics, Business Acumen, Python",0.93,0.77
C020,Results-driven professional with 9 years of hands-on experience specializing in Data Engineer. Proven track record across 5 end-to-end projects.,"dbt (Data Build Tool), Spark & PySpark, AWS Cloud, SQL, Tableau, Snowflake, Git & CI/CD",0.82,0.71
C021,Results-driven professional with 1 years of hands-on experience specializing in Cloud Data Architect. Proven track record across 8 end-to-end projects.,"dbt (Data Build Tool), Spark & PySpark, Docker & Kubernetes, AWS Cloud, Business Acumen, Azure Services, Snowflake, Excel & DAX",0.92,0.9
C022,Results-driven professional with 7 years of hands-on experience specializing in Data Analyst. Proven track record across 6 end-to-end projects.,"Data Storytelling, Power BI, SQL, Business Acumen, Scikit-Learn, Azure Services, Excel & DAX, Python",0.72,0.8
C023,Results-driven professional with 1 years of hands-on experience specializing in Data Analyst. Proven track record across 8 end-to-end projects.,"Data Storytelling, Business Acumen, Power BI, Azure Services",0.87,0.91
C024,Results-driven professional with 5 years of hands-on experience specializing in Data Scientist. Proven track record across 2 end-to-end projects.,"Pandas & NumPy, SQL, A/B Testing & Statistics, Scikit-Learn, MLOps & MLflow, Python",0.88,0.65
C025,Results-driven professional with 7 years of hands-on experience specializing in Data Analyst. Proven track record across 4 end-to-end projects.,"Data Storytelling, AWS Cloud, Power BI, Business Acumen, Excel & DAX, MLOps & MLflow, Python",0.81,0.66
C026,Results-driven professional with 8 years of hands-on experience specializing in Data Scientist. Proven track record across 3 end-to-end projects.,"Pandas & NumPy, Git & CI/CD, SQL, A/B Testing & Statistics, Scikit-Learn, PyTorch & TensorFlow, Snowflake, MLOps & MLflow, Python",0.89,0.73
C027,Results-driven professional with 9 years of hands-on experience specializing in Machine Learning Engineer. Proven track record across 6 end-to-end projects.,"Git & CI/CD, Pandas & NumPy, dbt (Data Build Tool), Docker & Kubernetes, AWS Cloud, Scikit-Learn, PyTorch & TensorFlow, MLOps & MLflow, Python",0.96,0.87
C028,Results-driven professional with 3 years of hands-on experience specializing in Data Engineer. Proven track record across 4 end-to-end projects.,"dbt (Data Build Tool), Spark & PySpark, AWS Cloud, SQL, Power BI, Snowflake, Python",0.76,0.66
C029,Results-driven professional with 2 years of hands-on experience specializing in Data Analyst. Proven track record across 5 end-to-end projects.,"Data Storytelling, Power BI, SQL, PyTorch & TensorFlow, Excel & DAX, Python",0.87,0.85
C030,Results-driven professional with 5 years of hands-on experience specializing in Data Scientist. Proven track record across 7 end-to-end projects.,"Pandas & NumPy, SQL, A/B Testing & Statistics, Scikit-Learn, PyTorch & TensorFlow, Excel & DAX, Python",0.94,0.86
C031,Results-driven professional with 7 years of hands-on experience specializing in Data Scientist. Proven track record across 2 end-to-end projects.,"Python, dbt (Data Build Tool), SQL, PyTorch & TensorFlow",0.83,0.73
C032,Results-driven professional with 9 years of hands-on experience specializing in Cloud Data Architect. Proven track record across 5 end-to-end projects.,"Pandas & NumPy, Spark & PySpark, Docker & Kubernetes, AWS Cloud, Business Acumen, Azure Services, Snowflake, MLOps & MLflow",0.96,0.77
C033,Results-driven professional with 8 years of hands-on experience specializing in Data Analyst. Proven track record across 4 end-to-end projects.,"Data Storytelling, AWS Cloud, Power BI, A/B Testing & Statistics, Business Acumen, Excel & DAX, Python",0.77,0.75
C034,Results-driven professional with 1 years of hands-on experience specializing in Machine Learning Engineer. Proven track record across 3 end-to-end projects.,"Git & CI/CD, Docker & Kubernetes, Business Acumen, Python",0.74,0.92
C035,Results-driven professional with 2 years of hands-on experience specializing in Machine Learning Engineer. Proven track record across 7 end-to-end projects.,"Docker & Kubernetes, Tableau, Scikit-Learn, PyTorch & TensorFlow, Azure Services, MLOps & MLflow, Python",0.92,0.81
